# Name,   Type, SubType, Offset,  Size, Flags
# AgentDisplay 16MB: app0/app1 3MB+3MB (A/B OTA) | cjk_font 2MB | animations 4.5MB | storage 3.4MB
nvs,        data, nvs,     0x9000,   0x5000,
otadata,    data, ota,     0xe000,   0x2000,
app0,       app,  ota_0,   0x10000,  0x300000,
app1,       app,  ota_1,   0x310000, 0x300000,
cjk_font,   data, 0x99,    0x610000, 0x200000,
animations, data, 0x98,    0x810000, 0x470000,
storage,    data, spiffs,  0xC80000, 0x370000,
coredump,   data, coredump,0xFF0000, 0x10000,
